{"global_step": 9984, "_timestamp": 1705942242.1067688, "_runtime": 303.7474398612976, "_step": 78, "charts/learning_rate": 1.2820512438338483e-06, "losses/value_loss": 1.0305979251861572, "losses/policy_loss": -0.001910179853439331, "losses/entropy": 1.204417109489441, "losses/old_approx_kl": 0.0025553368031978607, "losses/approx_kl": 7.824413478374481e-05, "losses/clipfrac": 0.0, "losses/explained_variance": -0.0032205581665039062, "charts/SPS": 33.0, "_wandb": {"runtime": 303}}