{"global_step": 20000, "_timestamp": 1705945733.301433, "charts/evaluation_reward": 270.0, "_runtime": 559.4999101161957, "_step": 20, "charts/learning_rate": 4.999999873689376e-06, "losses/value_loss": 0.5735682249069214, "losses/policy_loss": -0.0024842529091984034, "losses/entropy": 1.1004831790924072, "losses/old_approx_kl": -0.0038932175375521183, "losses/approx_kl": 0.0021445518359541893, "losses/clipfrac": 0.08624999970197678, "losses/explained_variance": 0.8034979104995728, "charts/SPS": 35.0, "_wandb": {"runtime": 558}}