{"_wandb": {"runtime": 26}, "global_step": 1000, "_timestamp": 1705930953.459071, "_runtime": 26.703909873962402, "_step": 1, "charts/learning_rate": 9.999999747378752e-05, "losses/value_loss": 87.71361541748047, "losses/policy_loss": 0.19529365003108978, "losses/entropy": 1.556235432624817, "losses/old_approx_kl": 1.0995770692825317, "losses/approx_kl": 1.0647156238555908, "losses/clipfrac": 0.8464999794960022, "losses/explained_variance": 0.9400447010993958, "charts/SPS": 40.0}