{"global_step": 17000, "_timestamp": 1705946158.981017, "charts/evaluation_reward": 187.0, "_runtime": 463.2563102245331, "_step": 17, "charts/learning_rate": 8.399999933317304e-05, "losses/value_loss": 0.519696056842804, "losses/policy_loss": -0.006409000605344772, "losses/entropy": 0.44404271245002747, "losses/old_approx_kl": 0.005393811035901308, "losses/approx_kl": 0.003525598207488656, "losses/clipfrac": 0.09075000137090683, "losses/explained_variance": 0.8172513842582703, "charts/SPS": 37.0, "_wandb": {"runtime": 551}}