{"global_step": 50000, "_timestamp": 1705933636.5691462, "_runtime": 1260.7827582359314, "_step": 50, "charts/learning_rate": 1.9999999949504854e-06, "losses/value_loss": 0.4100707173347473, "losses/policy_loss": 9.033393871504813e-05, "losses/entropy": 1.4999830722808838, "losses/old_approx_kl": -0.0016376981511712074, "losses/approx_kl": 0.00021339916565921158, "losses/clipfrac": 0.0, "losses/explained_variance": 0.6209492683410645, "charts/SPS": 39.0, "_wandb": {"runtime": 1260}}