{"global_step": 20000, "_timestamp": 1705943883.123948, "charts/evaluation_reward": 166.0, "_runtime": 584.5550060272217, "_step": 20, "charts/learning_rate": 4.999999873689376e-06, "losses/value_loss": 0.5626094341278076, "losses/policy_loss": -0.004355075769126415, "losses/entropy": 0.40545907616615295, "losses/old_approx_kl": 0.0040345326997339725, "losses/approx_kl": 0.001652680104598403, "losses/clipfrac": 0.035750001668930054, "losses/explained_variance": 0.869715690612793, "charts/SPS": 34.0, "_wandb": {"runtime": 584}}