{"_wandb": {"runtime": 22}, "global_step": 6272, "_timestamp": 1705872760.525578, "_runtime": 22.91068696975708, "_step": 7, "charts/learning_rate": 1.4285714314610232e-05, "losses/value_loss": 53.40938186645508, "losses/policy_loss": 0.07306679338216782, "losses/entropy": 0.9036253690719604, "losses/old_approx_kl": 0.015867672860622406, "losses/approx_kl": 0.05433875322341919, "losses/clipfrac": 0.31640625, "losses/explained_variance": 0.5587705373764038, "charts/SPS": 292.0}