{"global_step": 20000, "_timestamp": 1705931539.2419999, "_runtime": 489.8509497642517, "_step": 20, "charts/learning_rate": 4.999999873689376e-06, "losses/value_loss": 0.48444199562072754, "losses/policy_loss": -0.006749135907739401, "losses/entropy": 1.1112871170043945, "losses/old_approx_kl": 0.0076057203114032745, "losses/approx_kl": 0.0011492202756926417, "losses/clipfrac": 0.061500001698732376, "losses/explained_variance": 0.807293713092804, "charts/SPS": 41.0, "_wandb": {"runtime": 489}}