{"_wandb": {"runtime": 7}, "global_step": 200, "_timestamp": 1705943114.728607, "charts/evaluation_reward": 17.0, "_runtime": 7.847340822219849, "_step": 4, "charts/learning_rate": 2.499999936844688e-05, "losses/value_loss": 34.27067565917969, "losses/policy_loss": -0.0005163848400115967, "losses/entropy": 0.8843815326690674, "losses/old_approx_kl": 0.00973057746887207, "losses/approx_kl": 4.744529724121094e-05, "losses/clipfrac": 0.28333333134651184, "losses/explained_variance": 0.28493404388427734, "charts/SPS": 31.0}